{"zeus": [[100, 213, 90], 1609255716.713449], "eve": [[100, 75, 90], 1609255716.7144003], "m": [213, 1609252148.7166514]}